,Fold,Alpha,k,Accuracy,Time,Kappa,Recall,F1 Score
0,2.0,5.0,1.0,0.6776666666666666,3154.7349999999315,0.6417179688268082,0.6776666666666666,0.6771563304825792
1,2.0,5.0,5.0,0.7264285714285714,2797.137000000045,0.6959172255731036,0.7264285714285714,0.7241447895062305
2,2.0,5.0,10.0,0.7400714285714286,2840.6294999998727,0.7110877628332463,0.7400714285714286,0.7383819624958232
3,2.0,5.0,15.0,0.743642857142857,2959.4529999998613,0.715066745320228,0.743642857142857,0.7422812520959284
4,2.0,5.0,20.0,0.7455,2943.3159999996583,0.7171276646800182,0.7455,0.7440741765982887
5,2.0,5.0,25.0,0.7456904761904761,2997.4760000002316,0.7173400757621775,0.7456904761904761,0.7444001915597505
6,2.0,5.0,30.0,0.7456428571428572,3053.000499999726,0.7172834144463743,0.7456428571428572,0.7443216789033205
7,2.0,5.0,35.0,0.7436904761904761,3124.6729999999125,0.7151108390780613,0.7436904761904761,0.7422752411892835
8,2.0,5.0,40.0,0.7444523809523809,3179.3370000000464,0.7159575241396777,0.7444523809523809,0.7429904686447257
9,2.0,5.0,45.0,0.7432857142857143,3274.011999999992,0.7146601960994078,0.7432857142857143,0.7417788270638315
10,2.0,5.0,50.0,0.7426904761904762,3333.6574999997383,0.7139955122155459,0.7426904761904762,0.7411098840529049
11,2.0,10.0,1.0,0.9004047619047619,3944.364500000077,0.8893034157719479,0.9004047619047619,0.9002956289536685
12,2.0,10.0,5.0,0.9153333333333333,3627.802499999774,0.9058938776281045,0.9153333333333333,0.9150729202820429
13,2.0,10.0,10.0,0.9156666666666666,3687.0800000000336,0.9062649976909661,0.9156666666666666,0.9153625324024817
14,2.0,10.0,15.0,0.9137619047619048,3696.114500000235,0.9041485493975954,0.9137619047619048,0.9135285488447177
15,2.0,10.0,20.0,0.9115952380952381,3759.3194999999114,0.9017399593983069,0.9115952380952381,0.9113525840978167
16,2.0,10.0,25.0,0.9095238095238095,3813.570499999898,0.8994374236836986,0.9095238095238095,0.9093213455799944
17,2.0,10.0,30.0,0.907952380952381,3859.283500000096,0.8976909590175377,0.907952380952381,0.9077248909974305
18,2.0,10.0,35.0,0.9056190476190475,3940.433000000084,0.89509691448821,0.9056190476190475,0.9054091223296984
19,2.0,10.0,40.0,0.9038095238095238,4019.8370000002515,0.8930850030509394,0.9038095238095238,0.9035758923649446
20,2.0,10.0,45.0,0.9021428571428571,4081.0129999998635,0.8912322852855283,0.9021428571428571,0.9019510844385654
21,2.0,10.0,50.0,0.9011904761904762,4153.352500000096,0.8901735436246567,0.9011904761904762,0.9009857774889405
22,2.0,15.0,1.0,0.9432142857142858,5542.321500000064,0.9368840512218151,0.9432142857142858,0.9431892497034322
23,2.0,15.0,5.0,0.9494047619047619,5225.606500000289,0.9437642316192388,0.9494047619047619,0.9493265235396302
24,2.0,15.0,10.0,0.9477619047619048,5273.4340000001575,0.9419386333330539,0.9477619047619048,0.9476600941273925
25,2.0,15.0,15.0,0.9437857142857142,5382.334999999934,0.9375187233920428,0.9437857142857142,0.9437317215566632
26,2.0,15.0,20.0,0.9418333333333333,5386.428500000107,0.9353482668706086,0.9418333333333333,0.9417574321713396
27,2.0,15.0,25.0,0.9395714285714285,5400.383500000033,0.932834096006407,0.9395714285714285,0.9395120184431341
28,2.0,15.0,30.0,0.9375238095238095,5500.74499999964,0.9305575119157039,0.9375238095238095,0.9374482054869455
29,2.0,15.0,35.0,0.9352380952380952,5568.983500000087,0.9280167166313618,0.9352380952380952,0.9351674996579831
30,2.0,15.0,40.0,0.9342619047619047,5614.3460000000405,0.9269312985081763,0.9342619047619047,0.9341912527805799
31,2.0,15.0,45.0,0.9328571428571428,5668.977000000097,0.9253694192621548,0.9328571428571428,0.9327975574913008
32,2.0,15.0,50.0,0.9308095238095238,5794.258999999769,0.9230934052449511,0.9308095238095238,0.9307352494923864
33,2.0,20.0,1.0,0.9578333333333333,6610.918500000409,0.9531319013634563,0.9578333333333333,0.957809086061159
34,2.0,20.0,5.0,0.9609761904761904,6358.839999999858,0.9566246531846129,0.9609761904761904,0.960926101368636
35,2.0,20.0,10.0,0.9592142857142858,6449.731000000128,0.9546657538282222,0.9592142857142858,0.9591461730457675
36,2.0,20.0,15.0,0.9557142857142857,6554.976500000023,0.9507755554747845,0.9557142857142857,0.9556587464138306
37,2.0,20.0,20.0,0.9534285714285715,6645.746500000101,0.948234383955442,0.9534285714285715,0.9533523780150519
38,2.0,20.0,25.0,0.9514523809523809,6698.931000000101,0.9460375097604334,0.9514523809523809,0.9513711223328469
39,2.0,20.0,30.0,0.9495238095238094,6736.488999999963,0.9438932432579124,0.9495238095238094,0.9494499814242296
40,2.0,20.0,35.0,0.9474761904761905,6803.266999999778,0.9416166623181361,0.9474761904761905,0.9474053936717266
41,2.0,20.0,40.0,0.946595238095238,6941.548999999895,0.9406370341604108,0.946595238095238,0.946514704172476
42,2.0,20.0,45.0,0.9445238095238095,7037.066000000067,0.9383341381995687,0.9445238095238095,0.9444381897096314
43,2.0,20.0,50.0,0.9432619047619047,7138.96549999977,0.9369311062662191,0.9432619047619047,0.9431769185677934
44,2.0,25.0,1.0,0.962952380952381,8657.54550000007,0.9588215039305528,0.962952380952381,0.9629184393293622
45,2.0,25.0,5.0,0.9647380952380953,8226.470499999848,0.9608058852557099,0.9647380952380953,0.9646834893348408
46,2.0,25.0,10.0,0.9627380952380953,8362.835999999732,0.9585819811098009,0.9627380952380953,0.9626759301936099
47,2.0,25.0,15.0,0.9590000000000001,8481.455999999638,0.9544266831442483,0.9590000000000001,0.9589460950584086
48,2.0,25.0,20.0,0.9574523809523809,8531.45400000011,0.9527061513239143,0.9574523809523809,0.957378876038546
49,2.0,25.0,25.0,0.9547857142857143,8539.001500000239,0.9497414134350359,0.9547857142857143,0.9547196045581253
50,2.0,25.0,30.0,0.9523571428571429,8609.540999999837,0.9470413040169936,0.9523571428571429,0.9522803443475398
51,2.0,25.0,35.0,0.9500238095238096,8700.449999999932,0.944447095352391,0.9500238095238096,0.9499466359876376
52,2.0,25.0,40.0,0.9489047619047619,8770.084499999597,0.9432028250279534,0.9489047619047619,0.9488245830321518
53,2.0,25.0,45.0,0.9476904761904762,8891.271499999846,0.9418528036905791,0.9476904761904762,0.9476134371069392
54,2.0,25.0,50.0,0.9458571428571428,9005.72000000014,0.9398142878164175,0.9458571428571428,0.9457800253267001
55,2.0,30.0,1.0,0.9660238095238095,9669.555999999859,0.9622353323002912,0.9660238095238095,0.9659938500482677
56,2.0,30.0,5.0,0.9672142857142858,9371.75099999999,0.9635578301869413,0.9672142857142858,0.9671632275067223
57,2.0,30.0,10.0,0.9645714285714286,9352.300499999814,0.9606197850283689,0.9645714285714286,0.9645143102928453
58,2.0,30.0,15.0,0.9622142857142857,9500.237999999797,0.9579994907754736,0.9622142857142857,0.9621574433281284
59,2.0,30.0,20.0,0.9590000000000001,9535.199499999748,0.954426103938862,0.9590000000000001,0.9589284189110587
60,2.0,30.0,25.0,0.9562380952380952,9610.30050000008,0.9513553958429946,0.9562380952380952,0.956167257965306
61,2.0,30.0,30.0,0.9545714285714286,9618.820499999969,0.9495025861558841,0.9545714285714286,0.9545044376800004
62,2.0,30.0,35.0,0.9523571428571429,9782.225500000039,0.9470406131992843,0.9523571428571429,0.9522880457222751
63,2.0,30.0,40.0,0.9512380952380952,9902.646499999775,0.9457963425200042,0.9512380952380952,0.9511681587797184
64,2.0,30.0,45.0,0.9488571428571428,9919.875499999847,0.9431491193439068,0.9488571428571428,0.9487857410565017
65,2.0,30.0,50.0,0.9471190476190476,9915.81799999986,0.9412164899730197,0.9471190476190476,0.9470465468335596
66,2.0,35.0,1.0,0.9662619047619048,11586.614999999882,0.9624996504761931,0.9662619047619048,0.9662290060907314
67,2.0,35.0,5.0,0.9683571428571429,11325.94600000013,0.9648280403743265,0.9683571428571429,0.9683117497725495
68,2.0,35.0,10.0,0.9651428571428571,11393.619499999859,0.9612545993960802,0.9651428571428571,0.9650798618276564
69,2.0,35.0,15.0,0.9626666666666667,11463.377999999977,0.9585018359915685,0.9626666666666667,0.9626149628136367
70,2.0,35.0,20.0,0.9595238095238094,11580.30699999975,0.9550077459780291,0.9595238095238094,0.9594615956788418
71,2.0,35.0,25.0,0.9567142857142856,11621.89900000044,0.9518841979970185,0.9567142857142856,0.9566509558437684
72,2.0,35.0,30.0,0.9548095238095238,11678.091999999822,0.9497664306060996,0.9548095238095238,0.954744217862178
73,2.0,35.0,35.0,0.9532857142857143,11745.167499999865,0.9480720931908801,0.9532857142857143,0.9532296915756651
74,2.0,35.0,40.0,0.9510952380952381,11858.345999999927,0.9456367370174905,0.9510952380952381,0.9510337327428144
75,2.0,35.0,45.0,0.9493095238095238,11933.891499999958,0.9436513204621655,0.9493095238095238,0.949245840142434
76,2.0,35.0,50.0,0.9481190476190475,11967.798500000128,0.9423275764353611,0.9481190476190475,0.948044953378382
77,2.0,40.0,1.0,0.9662619047619048,12621.529999999837,0.9624995352256043,0.9662619047619048,0.9662278746402504
78,2.0,40.0,5.0,0.9671666666666667,12342.055499999959,0.9635045113668175,0.9671666666666667,0.9671110194391159
79,2.0,40.0,10.0,0.9646428571428571,12420.603499999914,0.9606983617707648,0.9646428571428571,0.964584405366587
80,2.0,40.0,15.0,0.9616428571428571,12456.592,0.9573631984776906,0.9616428571428571,0.961584292914044
81,2.0,40.0,20.0,0.9591904761904761,12514.74300000001,0.9546366427290605,0.9591904761904761,0.9591276707258608
82,2.0,40.0,25.0,0.9563571428571429,12601.45200000028,0.9514866067816711,0.9563571428571429,0.9562945648569576
83,2.0,40.0,30.0,0.9543571428571429,12647.667499999785,0.9492630169537515,0.9543571428571429,0.9542853925599634
84,2.0,40.0,35.0,0.9521190476190476,12755.725499999982,0.9467748377237927,0.9521190476190476,0.9520494294229941
85,2.0,40.0,40.0,0.950047619047619,12819.496999999785,0.9444717259697766,0.950047619047619,0.9499782222840402
86,2.0,40.0,45.0,0.9482142857142857,12884.51149999969,0.942433459738469,0.9482142857142857,0.9481377888354228
87,2.0,40.0,50.0,0.9460238095238096,13008.26600000022,0.9399976270301101,0.9460238095238096,0.9459483820254075
88,2.0,45.0,1.0,0.9662619047619048,14396.704999999884,0.9624993768412172,0.9662619047619048,0.9662239497193479
89,2.0,45.0,5.0,0.9672142857142858,14288.472999999725,0.9635571462376783,0.9672142857142858,0.9671609969697769
90,2.0,45.0,10.0,0.9643571428571429,14245.983500000078,0.9603806296128323,0.9643571428571429,0.9642972246791294
91,2.0,45.0,15.0,0.9613809523809524,14283.245500000077,0.9570719483626058,0.9613809523809524,0.9613159871130748
92,2.0,45.0,20.0,0.9587380952380953,14285.007999999722,0.9541331855624132,0.9587380952380953,0.9586739589441626
93,2.0,45.0,25.0,0.9558809523809524,14416.2745000001,0.9509569661026196,0.9558809523809524,0.9558154050681721
94,2.0,45.0,30.0,0.9536190476190476,14445.338000000105,0.9484417101385143,0.9536190476190476,0.9535570053875031
95,2.0,45.0,35.0,0.9511666666666667,14532.463000000063,0.9457151443969177,0.9511666666666667,0.9511020436416557
96,2.0,45.0,40.0,0.9491190476190476,14585.076999999841,0.9434385652949221,0.9491190476190476,0.9490497811018052
97,2.0,45.0,45.0,0.9467857142857143,14690.669499999842,0.9408440120802406,0.9467857142857143,0.9467166059223725
98,2.0,45.0,50.0,0.9454761904761905,14750.677999999936,0.939387973877331,0.9454761904761905,0.9454094997733802
99,2.0,50.0,1.0,0.9666428571428571,15364.104999999938,0.9629227763389547,0.9666428571428571,0.966602083198
100,2.0,50.0,5.0,0.967047619047619,15019.947500000171,0.9633716453808319,0.967047619047619,0.9669995668149727
101,2.0,50.0,10.0,0.9637857142857142,15134.88300000006,0.9597451139302855,0.9637857142857142,0.9637199861598169
102,2.0,50.0,15.0,0.9607857142857144,15124.912999999822,0.9564099909454034,0.9607857142857144,0.9607276213936565
103,2.0,50.0,20.0,0.9581904761904763,15233.572499999866,0.9535244562238017,0.9581904761904763,0.9581295008365209
104,2.0,50.0,25.0,0.9557142857142857,15271.730499999876,0.9507712091533942,0.9557142857142857,0.955658189371285
105,2.0,50.0,30.0,0.9534523809523809,15434.654499999964,0.9482563891902425,0.9534523809523809,0.953394174852224
106,2.0,50.0,35.0,0.9509761904761904,15415.330000000324,0.9455031612748044,0.9509761904761904,0.9509113679583534
107,2.0,50.0,40.0,0.9490714285714286,15613.601000000017,0.9433851778257265,0.9490714285714286,0.9490010040151295
108,2.0,50.0,45.0,0.9467142857142857,15611.765000000276,0.9407644306378544,0.9467142857142857,0.9466469268838373
109,2.0,50.0,50.0,0.9446904761904762,15710.873500000274,0.9385141625593865,0.9446904761904762,0.9446152190486813
110,2.0,55.0,1.0,0.9661190476190475,17051.586500000325,0.9623403783511666,0.9661190476190475,0.9660819686964264
111,2.0,55.0,5.0,0.9669761904761904,16832.078999999794,0.9632922062404086,0.9669761904761904,0.9669296426458203
112,2.0,55.0,10.0,0.9637142857142857,16852.251000000026,0.9596657919207554,0.9637142857142857,0.9636521190445744
113,2.0,55.0,15.0,0.9602142857142857,16912.534999999934,0.9557746060812526,0.9602142857142857,0.9601542906130349
114,2.0,55.0,20.0,0.9575476190476191,17023.368000000344,0.9528094577823105,0.9575476190476191,0.9574830747295582
115,2.0,55.0,25.0,0.9548571428571428,17050.420999999802,0.949818296746123,0.9548571428571428,0.9547988987952816
116,2.0,55.0,30.0,0.9523333333333333,17164.109000000168,0.9470119347866437,0.9523333333333333,0.9522753187862976
117,2.0,55.0,35.0,0.9504523809523809,17168.50150000005,0.9449205015683646,0.9504523809523809,0.9503886575078686
118,2.0,55.0,40.0,0.9483333333333333,17303.546500000266,0.9425644314846006,0.9483333333333333,0.9482599960816327
119,2.0,55.0,45.0,0.9456428571428571,17356.22650000016,0.9395729319155688,0.9456428571428571,0.9455763104830471
120,2.0,55.0,50.0,0.9440714285714286,17449.647000000143,0.9378253046711493,0.9440714285714286,0.9440084455843099
121,2.0,60.0,1.0,0.9660714285714285,18296.364499999756,0.962287338015208,0.9660714285714285,0.9660312438209198
122,2.0,60.0,5.0,0.9661190476190475,17751.526499999614,0.9623392077304194,0.9661190476190475,0.9660660505847058
123,2.0,60.0,10.0,0.9631190476190477,17811.02400000009,0.9590039369848185,0.9631190476190477,0.96304913527547
124,2.0,60.0,15.0,0.9597380952380953,17927.007999999885,0.9552446710517868,0.9597380952380953,0.9596763535477455
125,2.0,60.0,20.0,0.957095238095238,17962.5585,0.9523062222856363,0.957095238095238,0.9570337457328703
126,2.0,60.0,25.0,0.9537142857142857,18031.019500000297,0.948547085023669,0.9537142857142857,0.9536523156274238
127,2.0,60.0,30.0,0.9522857142857143,18045.123999999872,0.9469584569844836,0.9522857142857143,0.9522297065778103
128,2.0,60.0,35.0,0.9496904761904762,18224.256000000198,0.9440730967765654,0.9496904761904762,0.9496276846122618
129,2.0,60.0,40.0,0.9481190476190476,18233.31049999979,0.9423254494112518,0.9481190476190476,0.9480550134810128
130,2.0,60.0,45.0,0.9454761904761905,18373.005499999977,0.9393868695787129,0.9454761904761905,0.9454085577314384
131,2.0,60.0,50.0,0.9438333333333333,18408.70600000028,0.9375601257506053,0.9438333333333333,0.9437725230584348
132,2.0,65.0,1.0,0.9656666666666667,20290.378000000033,0.9618374084899046,0.9656666666666667,0.9656245562154684
133,2.0,65.0,5.0,0.9653095238095237,19787.277000000246,0.9614392540985863,0.9653095238095237,0.9652517123437387
134,2.0,65.0,10.0,0.9627142857142856,19937.27599999988,0.958553576417842,0.9627142857142856,0.9626478688251111
135,2.0,65.0,15.0,0.9591428571428571,20057.436999999707,0.954582691480184,0.9591428571428571,0.9590844018922131
136,2.0,65.0,20.0,0.9568809523809524,20009.508999999867,0.9520674433303622,0.9568809523809524,0.9568162541841319
137,2.0,65.0,25.0,0.9535,20134.13500000013,0.9483081808112002,0.9535,0.9534424170440037
138,2.0,65.0,30.0,0.9514285714285715,20208.499000000076,0.9460051575829498,0.9514285714285715,0.9513680040344183
139,2.0,65.0,35.0,0.948595238095238,20249.035500000216,0.9428549138970482,0.948595238095238,0.9485326094621416
140,2.0,65.0,40.0,0.9468333333333334,20359.966499999813,0.9408955194912488,0.9468333333333334,0.946764063738221
141,2.0,65.0,45.0,0.9446904761904762,20339.752999999975,0.9385129523762,0.9446904761904762,0.9446268497181591
142,2.0,65.0,50.0,0.9428809523809524,20444.897000000085,0.9365006190392317,0.9428809523809524,0.9428164319967645
143,2.0,70.0,1.0,0.9651904761904762,21325.436499999796,0.9613080539100837,0.9651904761904762,0.9651482280966278
144,2.0,70.0,5.0,0.9652857142857143,20954.08899999984,0.9614127349689945,0.9652857142857143,0.9652260342763377
145,2.0,70.0,10.0,0.9623571428571429,20986.739000000285,0.9581563849136314,0.9623571428571429,0.9622809463664982
146,2.0,70.0,15.0,0.9590000000000001,21042.8955000001,0.9544236666193049,0.9590000000000001,0.9589409083445757
147,2.0,70.0,20.0,0.9559761904761905,21142.40499999971,0.9510615545232893,0.9559761904761905,0.955902420778566
148,2.0,70.0,25.0,0.9530000000000001,21235.721000000012,0.947752283582481,0.9530000000000001,0.9529369754195125
149,2.0,70.0,30.0,0.9508571428571428,21195.70300000032,0.9453695287384363,0.9508571428571428,0.9507891042111178
150,2.0,70.0,35.0,0.9479761904761905,21340.470500000265,0.9421662548763396,0.9479761904761905,0.9479103863397587
151,2.0,70.0,40.0,0.9464285714285714,21439.523500000178,0.9404451314390552,0.9464285714285714,0.9463548065586369
152,2.0,70.0,45.0,0.943857142857143,21560.635000000162,0.9375855996736782,0.943857142857143,0.9437926584449136
153,2.0,70.0,50.0,0.9417380952380953,21632.30199999964,0.9352292802709301,0.9417380952380953,0.9416686228967048
154,2.0,75.0,1.0,0.9650238095238095,23364.37100000012,0.9611227678783554,0.9650238095238095,0.9649825174749138
155,2.0,75.0,5.0,0.9652857142857143,23112.56049999997,0.9614125065013535,0.9652857142857143,0.9652271629717768
156,2.0,75.0,10.0,0.9618809523809524,23199.721999999838,0.9576268947059207,0.9618809523809524,0.9618017133705998
157,2.0,75.0,15.0,0.9582619047619048,23144.426499999896,0.9536030423119137,0.9582619047619048,0.958194154357686
158,2.0,75.0,20.0,0.9552380952380952,23223.215499999926,0.9502406556338778,0.9552380952380952,0.9551668056744455
159,2.0,75.0,25.0,0.9526666666666667,23245.306000000255,0.9473815506652048,0.9526666666666667,0.9525962275180986
160,2.0,75.0,30.0,0.950047619047619,23396.084500000256,0.9444693214868454,0.950047619047619,0.9499803533543079
161,2.0,75.0,35.0,0.9473333333333334,23463.591999999608,0.941451086043398,0.9473333333333334,0.9472591260756253
162,2.0,75.0,40.0,0.9453333333333334,23553.316500000165,0.9392269072350397,0.9453333333333334,0.9452536006368418
163,2.0,75.0,45.0,0.9429047619047619,23596.770000000106,0.9365261354495278,0.9429047619047619,0.9428422902759905
164,2.0,75.0,50.0,0.9417619047619048,23760.087500000052,0.9352551813403529,0.9417619047619048,0.9417021161942998
165,2.0,80.0,1.0,0.9643809523809523,24147.417000000358,0.9604081160537645,0.9643809523809523,0.9643372473888916
166,2.0,80.0,5.0,0.9653095238095237,23833.05449999989,0.9614388858469682,0.9653095238095237,0.965246556897093
167,2.0,80.0,10.0,0.9613333333333334,23921.556000000237,0.9570180535448032,0.9613333333333334,0.9612521808480441
168,2.0,80.0,15.0,0.9580238095238095,23971.776999999747,0.9533383993289954,0.9580238095238095,0.9579557142940196
169,2.0,80.0,20.0,0.9551666666666667,23983.967500000515,0.9501610357172907,0.9551666666666667,0.9550944483393891
170,2.0,80.0,25.0,0.9517857142857142,24131.972000000133,0.9464023099724854,0.9517857142857142,0.9517086598902034
171,2.0,80.0,30.0,0.9494285714285714,24139.158499999896,0.9437810236948684,0.9494285714285714,0.9493563738893798
172,2.0,80.0,35.0,0.9466666666666667,24293.144500000155,0.9407099554744203,0.9466666666666667,0.9465923032430447
173,2.0,80.0,40.0,0.9447142857142857,24387.23949999985,0.9385384370861221,0.9447142857142857,0.9446437376659572
174,2.0,80.0,45.0,0.9425,24478.78499999956,0.9360759594485667,0.9425,0.9424308288571668
175,2.0,80.0,50.0,0.9413333333333334,24554.344499999843,0.9347784625960573,0.9413333333333334,0.9412635572265808
176,2.0,85.0,1.0,0.9647380952380953,26320.06750000005,0.960805041418908,0.9647380952380953,0.9646936363197327
177,2.0,85.0,5.0,0.9647619047619047,26035.191500000336,0.9608301143587668,0.9647619047619047,0.9646929335993963
178,2.0,85.0,10.0,0.9605952380952381,26035.6955000002,0.9561971655308625,0.9605952380952381,0.9605114702147117
179,2.0,85.0,15.0,0.9576190476190476,26054.639000000177,0.9528880596179835,0.9576190476190476,0.9575482792729835
180,2.0,85.0,20.0,0.9546666666666667,26196.36549999973,0.9496050031431188,0.9546666666666667,0.9545872348495413
181,2.0,85.0,25.0,0.9513095238095238,26225.647000000892,0.9458723102249839,0.9513095238095238,0.9512296778436433
182,2.0,85.0,30.0,0.9487619047619047,26257.18950000055,0.9430393333187403,0.9487619047619047,0.948680845360411
183,2.0,85.0,35.0,0.9457857142857142,26385.52850000019,0.9397297959846652,0.9457857142857142,0.9457142229147391
184,2.0,85.0,40.0,0.944047619047619,26493.159500000274,0.937796549315954,0.944047619047619,0.9439862217513029
185,2.0,85.0,45.0,0.9419285714285714,26571.029499999895,0.9354401340017868,0.9419285714285714,0.9418630123249676
186,2.0,85.0,50.0,0.940952380952381,26633.51050000074,0.9343543910896266,0.940952380952381,0.9408906693865251
187,2.0,90.0,1.0,0.9645238095238096,27419.24199999994,0.9605668084345506,0.9645238095238096,0.9644757504934234
188,2.0,90.0,5.0,0.9643571428571429,27126.02850000053,0.9603801051688932,0.9643571428571429,0.9642873778835427
189,2.0,90.0,10.0,0.9603095238095238,27098.426000000018,0.9558792294210483,0.9603095238095238,0.9602181836386388
190,2.0,90.0,15.0,0.9577619047619048,27269.278499999928,0.9530469046113099,0.9577619047619048,0.957692856646963
191,2.0,90.0,20.0,0.9543809523809523,27314.058000000157,0.9492871627324797,0.9543809523809523,0.9543028630098338
192,2.0,90.0,25.0,0.9510000000000001,27360.932500000672,0.9455280915719633,0.9510000000000001,0.9509146988347383
193,2.0,90.0,30.0,0.948452380952381,27417.889500000456,0.9426948570366718,0.948452380952381,0.9483688698966898
194,2.0,90.0,35.0,0.9458333333333333,27410.518999999338,0.9397826663299236,0.9458333333333333,0.9457667870427136
195,2.0,90.0,40.0,0.9436428571428572,27574.364000000514,0.9373463246165372,0.9436428571428572,0.9435782344579269
196,2.0,90.0,45.0,0.941952380952381,27665.543500000695,0.9354664921124046,0.941952380952381,0.9418883940826157
197,2.0,90.0,50.0,0.9407142857142857,27719.278500000655,0.9340893026731949,0.9407142857142857,0.9406577668214655
198,2.0,95.0,1.0,0.9645238095238096,29664.797499999167,0.9605668386423207,0.9645238095238096,0.9644783308693088
199,2.0,95.0,5.0,0.9638333333333333,29430.367999999817,0.9597977459635265,0.9638333333333333,0.9637628532332281
200,2.0,95.0,10.0,0.9601666666666666,29432.956000000104,0.9557204395691279,0.9601666666666666,0.9600771318841199
201,2.0,95.0,15.0,0.9571428571428571,29506.210499999725,0.9523583836253362,0.9571428571428571,0.9570662810059241
202,2.0,95.0,20.0,0.9540714285714286,29512.975999999297,0.9489430998103177,0.9540714285714286,0.9539956996689483
203,2.0,95.0,25.0,0.9510714285714286,29545.502000000397,0.9456073462926524,0.9510714285714286,0.9509956799517378
204,2.0,95.0,30.0,0.9484523809523809,29626.51699999947,0.9426948003567447,0.9484523809523809,0.9483685917885802
205,2.0,95.0,35.0,0.9457380952380952,29761.476500000528,0.9396763224982223,0.9457380952380952,0.9456752942096327
206,2.0,95.0,40.0,0.9436666666666667,29831.383999999845,0.9373726925557085,0.9436666666666667,0.9436047021033414
207,2.0,95.0,45.0,0.9417380952380953,29956.706499999884,0.9352278293922622,0.9417380952380953,0.9416738133671303
208,2.0,95.0,50.0,0.9396666666666667,30012.481999999865,0.9329241581324288,0.9396666666666667,0.9395963027636655
209,2.0,100.0,1.0,0.9642857142857142,30234.85600000026,0.9603021600901331,0.9642857142857142,0.964243312034689
210,2.0,100.0,5.0,0.9639047619047619,29957.40849999993,0.9598769874589604,0.9639047619047619,0.9638330517600646
211,2.0,100.0,10.0,0.9597619047619048,30409.323500000253,0.955270551073205,0.9597619047619048,0.9596645145606696
212,2.0,100.0,15.0,0.9567380952380953,32896.40150000059,0.9519083716084986,0.9567380952380953,0.956657586273319
213,2.0,100.0,20.0,0.9538809523809524,32071.442999999817,0.9487311569453065,0.9538809523809524,0.9538036412438009
214,2.0,100.0,25.0,0.950404761904762,30713.082500000382,0.9448658272498491,0.950404761904762,0.9503216071726313
215,2.0,100.0,30.0,0.9478095238095239,30505.679000000557,0.9419799885376083,0.9478095238095239,0.9477246238955161
216,2.0,100.0,35.0,0.9452619047619047,30432.184500000178,0.9391469757862814,0.9452619047619047,0.9451926922989475
217,2.0,100.0,40.0,0.9431904761904761,32655.729999999494,0.9368431323831643,0.9431904761904761,0.9431201489268876
218,2.0,100.0,45.0,0.9411666666666667,31427.682000000004,0.9345924310653986,0.9411666666666667,0.941106143107143
219,2.0,100.0,50.0,0.9391428571428571,30578.996999999843,0.9323415749302217,0.9391428571428571,0.9390762725115547
0,5.0,5.0,1.0,0.681904761904762,2221.396200000163,0.6464071927488135,0.681904761904762,0.6815803874371231
1,5.0,5.0,5.0,0.726404761904762,1881.7986000001838,0.6958886001729278,0.726404761904762,0.7244332504616302
2,5.0,5.0,10.0,0.7435476190476191,1880.123599999206,0.71494874869524,0.7435476190476191,0.7420190661535139
3,5.0,5.0,15.0,0.7488095238095239,1868.7031999990722,0.7207992354265021,0.7488095238095239,0.7475350104578096
4,5.0,5.0,20.0,0.7497380952380952,1968.1543999991845,0.7218325925303593,0.7497380952380952,0.7484485211973358
5,5.0,5.0,25.0,0.7487142857142857,1931.732600000396,0.7206931950187074,0.7487142857142857,0.7474761377711812
6,5.0,5.0,30.0,0.7494523809523809,1914.8199999999633,0.7215140309840278,0.7494523809523809,0.7482898865160953
7,5.0,5.0,35.0,0.7486666666666666,1970.79679999988,0.7206373700404687,0.7486666666666666,0.7474437374600454
8,5.0,5.0,40.0,0.748047619047619,1967.4556000001758,0.7199493461335772,0.748047619047619,0.7468412370887552
9,5.0,5.0,45.0,0.7466428571428572,2028.966600000058,0.718385805236026,0.7466428571428572,0.7453458759172268
10,5.0,5.0,50.0,0.7467619047619047,2076.4218000003893,0.7185163607313924,0.7467619047619047,0.7454041058311246
11,5.0,10.0,1.0,0.9075238095238095,2906.138000000283,0.8972118609367994,0.9075238095238095,0.9074753886383226
12,5.0,10.0,5.0,0.922904761904762,2515.81420000075,0.9143068596069167,0.922904761904762,0.9226925183536263
13,5.0,10.0,10.0,0.9218333333333334,2536.9049999993877,0.9131157835283435,0.9218333333333334,0.9215961746744078
14,5.0,10.0,15.0,0.9201666666666668,2599.3137999998,0.9112638979245183,0.9201666666666668,0.92000834806986
15,5.0,10.0,20.0,0.9183809523809524,2700.6984000003285,0.909279135792454,0.9183809523809524,0.9181634375881398
16,5.0,10.0,25.0,0.916,2610.5080000008456,0.9066331433617787,0.916,0.9158142604229033
17,5.0,10.0,30.0,0.9145238095238095,2663.3980000005977,0.904991204076399,0.9145238095238095,0.9143170431866151
18,5.0,10.0,35.0,0.9137857142857143,2691.9741999994585,0.9041710205847655,0.9137857142857143,0.9136077345063173
19,5.0,10.0,40.0,0.9118571428571428,2733.2135999997263,0.9020269119995101,0.9118571428571428,0.9116662935721116
20,5.0,10.0,45.0,0.9107380952380952,2757.9390000002604,0.9007824070036898,0.9107380952380952,0.9105547589459011
21,5.0,10.0,50.0,0.9095000000000001,2807.4589999992895,0.8994064477192572,0.9095000000000001,0.9092955147388027
22,5.0,15.0,1.0,0.9490714285714287,4163.009000000238,0.9433920585951938,0.9490714285714287,0.9490565462405869
23,5.0,15.0,5.0,0.9554761904761904,3891.0589999992226,0.9505101833446821,0.9554761904761904,0.9554278912545113
24,5.0,15.0,10.0,0.9537142857142857,3829.9886000004335,0.948551950176526,0.9537142857142857,0.9536401708469693
25,5.0,15.0,15.0,0.9504285714285714,3835.435399999915,0.9448998833786286,0.9504285714285714,0.950385034817028
26,5.0,15.0,20.0,0.9484999999999999,3883.7068000004365,0.9427560177034225,0.9484999999999999,0.9484539419216119
27,5.0,15.0,25.0,0.9463095238095238,3917.6299999995535,0.9403213288110063,0.9463095238095238,0.9462597065572309
28,5.0,15.0,30.0,0.9449761904761905,3959.1939999991155,0.9388393744868345,0.9449761904761905,0.9449186714908404
29,5.0,15.0,35.0,0.943,3985.0436000000627,0.9366424443848274,0.943,0.9429492372506223
30,5.0,15.0,40.0,0.9415476190476191,4055.8226000001014,0.9350276921689211,0.9415476190476191,0.9414896526935574
31,5.0,15.0,45.0,0.9406904761904762,4039.8161999997683,0.934074580681078,0.9406904761904762,0.9406352121554514
32,5.0,15.0,50.0,0.9393571428571429,4113.400399999955,0.9325921488482749,0.9393571428571429,0.9392956148573036
33,5.0,20.0,1.0,0.9635476190476192,4743.038799998976,0.9594818354196765,0.9635476190476192,0.9635279666935903
34,5.0,20.0,5.0,0.9667142857142856,4439.362799999435,0.9630013275197247,0.9667142857142856,0.9666765900409464
35,5.0,20.0,10.0,0.9642857142857144,4430.832600000213,0.960301707933189,0.9642857142857144,0.9642422441123223
36,5.0,20.0,15.0,0.961309523809524,4429.162599999472,0.9569932809239383,0.961309523809524,0.9612745780294378
37,5.0,20.0,20.0,0.9593809523809524,4505.212599999504,0.9548492318463353,0.9593809523809524,0.9593316965453186
38,5.0,20.0,25.0,0.9578095238095237,4547.705600000336,0.9531024415872125,0.9578095238095237,0.957761042920499
39,5.0,20.0,30.0,0.9555238095238096,4504.329800000778,0.9505612361498151,0.9555238095238096,0.9554672522949559
40,5.0,20.0,35.0,0.9540476190476191,4574.632200000269,0.9489199244594013,0.9540476190476191,0.9539864276868585
41,5.0,20.0,40.0,0.9526428571428571,4661.819799999648,0.9473580717114375,0.9526428571428571,0.9525812460531806
42,5.0,20.0,45.0,0.9513333333333334,4660.630599999422,0.9459022934295085,0.9513333333333334,0.9512725246263403
43,5.0,20.0,50.0,0.9505476190476191,4727.589599999919,0.9450286855726905,0.9505476190476191,0.950488121996999
44,5.0,25.0,1.0,0.9683095238095237,5967.847999999867,0.9647746901870418,0.9683095238095237,0.9682867901168534
45,5.0,25.0,5.0,0.9704761904761906,5619.63259999975,0.9671826958745312,0.9704761904761906,0.9704341395779531
46,5.0,25.0,10.0,0.9683571428571429,5614.057199999661,0.9648268348552366,0.9683571428571429,0.9683093529368373
47,5.0,25.0,15.0,0.9655238095238096,5655.6414000002405,0.9616770965067151,0.9655238095238096,0.9654842720548344
48,5.0,25.0,20.0,0.9632857142857143,5669.553399999859,0.9591887700963406,0.9632857142857143,0.9632389340285791
49,5.0,25.0,25.0,0.9611666666666668,5733.172599999671,0.9568329390448198,0.9611666666666668,0.9611144485897363
50,5.0,25.0,30.0,0.9596190476190476,5755.813599999601,0.9551127128080005,0.9596190476190476,0.9595611644373154
51,5.0,25.0,35.0,0.9573095238095238,5756.324399999357,0.9525448582835663,0.9573095238095238,0.9572504533923961
52,5.0,25.0,40.0,0.9563333333333333,5842.818800000168,0.9514596664391174,0.9563333333333333,0.9562759202243003
53,5.0,25.0,45.0,0.9543095238095238,5863.426199999594,0.9492098365908245,0.9543095238095238,0.9542423970194835
54,5.0,25.0,50.0,0.9531904761904763,5978.5020000006625,0.9479654420983932,0.9531904761904763,0.9531200468157893
55,5.0,30.0,1.0,0.9707619047619047,6629.176399999051,0.967500436950186,0.9707619047619047,0.9707442752445008
56,5.0,30.0,5.0,0.9720714285714285,6213.289200000509,0.9689558322725359,0.9720714285714285,0.9720344502653264
57,5.0,30.0,10.0,0.969452380952381,6235.252999999648,0.9660440411524368,0.969452380952381,0.9694056777878503
58,5.0,30.0,15.0,0.9667380952380953,6275.801799999681,0.9630267237033594,0.9667380952380953,0.9666955854368873
59,5.0,30.0,20.0,0.9648333333333333,6331.011199999921,0.9609090734248138,0.9648333333333333,0.9647856803166132
60,5.0,30.0,25.0,0.9625714285714286,6360.115399999631,0.9583943258128936,0.9625714285714286,0.9625194018762713
61,5.0,30.0,30.0,0.9605,6418.631599999935,0.9560914410890504,0.9605,0.960448296516166
62,5.0,30.0,35.0,0.9588333333333333,6457.992800001011,0.954238691909475,0.9588333333333333,0.9587787802927352
63,5.0,30.0,40.0,0.9580714285714287,6614.3891999992775,0.9533914321797414,0.9580714285714287,0.9580214755220368
64,5.0,30.0,45.0,0.9562142857142856,6754.0130000004865,0.9513266154186327,0.9562142857142856,0.9561591651011951
65,5.0,30.0,50.0,0.9552857142857143,6606.076400000165,0.9502940563300311,0.9552857142857143,0.9552319234151356
66,5.0,35.0,1.0,0.9716666666666667,7853.882800000065,0.9685060545032801,0.9716666666666667,0.9716444807740572
67,5.0,35.0,5.0,0.9727142857142856,7551.260199999888,0.9696700126083456,0.9727142857142856,0.9726774840640251
68,5.0,35.0,10.0,0.970452380952381,7648.96340000123,0.9671553527307013,0.970452380952381,0.9704065356238669
69,5.0,35.0,15.0,0.9672619047619048,7623.270000001503,0.9636085489356049,0.9672619047619048,0.9672211803284657
70,5.0,35.0,20.0,0.9654761904761905,7646.466599999621,0.9616230764256265,0.9654761904761905,0.9654313464035023
71,5.0,35.0,25.0,0.9629285714285715,7699.023800000941,0.9587911440863968,0.9629285714285715,0.9628801940039825
72,5.0,35.0,30.0,0.9613571428571429,7770.87659999961,0.957044079697364,0.9613571428571429,0.9613082662536294
73,5.0,35.0,35.0,0.9596428571428571,7779.612800000541,0.9551379582388435,0.9596428571428571,0.9595908420493092
74,5.0,35.0,40.0,0.9581666666666667,7766.928399999961,0.9534966647068541,0.9581666666666667,0.9581102131246819
75,5.0,35.0,45.0,0.9567380952380953,7808.958199999688,0.9519085239700067,0.9567380952380953,0.9566745706248255
76,5.0,35.0,50.0,0.9554047619047619,7933.032199999798,0.9504261037622401,0.9554047619047619,0.9553426374405264
77,5.0,40.0,1.0,0.9717142857142858,8499.203200000557,0.9685589685453667,0.9717142857142858,0.9716889480029838
78,5.0,40.0,5.0,0.9731666666666667,8118.625199999951,0.9701729450824542,0.9731666666666667,0.9731301963173058
79,5.0,40.0,10.0,0.9698809523809524,8246.192799998971,0.966519995337749,0.9698809523809524,0.9698362604914059
80,5.0,40.0,15.0,0.9674523809523808,8213.727799999106,0.963819900794929,0.9674523809523808,0.9674102720019718
81,5.0,40.0,20.0,0.965047619047619,8238.615599999684,0.9611463662846518,0.965047619047619,0.9649983298103579
82,5.0,40.0,25.0,0.9631190476190475,8255.672000000413,0.9590024443673816,0.9631190476190475,0.9630703397495829
83,5.0,40.0,30.0,0.9609523809523811,8342.607999998654,0.9565934540043358,0.9609523809523811,0.9608924616826341
84,5.0,40.0,35.0,0.9593095238095237,8387.879000000612,0.9547670557526929,0.9593095238095237,0.9592508570196554
85,5.0,40.0,40.0,0.957547619047619,8368.30420000042,0.9528081222877974,0.957547619047619,0.9574865272337665
86,5.0,40.0,45.0,0.9564523809523809,8421.694399999978,0.9515904697511983,0.9564523809523809,0.9563847245337899
87,5.0,40.0,50.0,0.9550238095238095,8452.657399999953,0.9500019887324799,0.9550238095238095,0.9549537267122112
88,5.0,45.0,1.0,0.9715952380952382,9528.708999999799,0.9684265915549833,0.9715952380952382,0.9715764559013398
89,5.0,45.0,5.0,0.9728333333333333,9190.421799999604,0.9698019071987091,0.9728333333333333,0.9727935225904275
90,5.0,45.0,10.0,0.9700952380952381,9363.350999999966,0.9667579943052388,0.9700952380952381,0.9700489306405083
91,5.0,45.0,15.0,0.9672380952380953,9403.054600000542,0.9635815430756747,0.9672380952380953,0.9672020933867396
92,5.0,45.0,20.0,0.9649047619047619,9295.351200001096,0.9609874657222663,0.9649047619047619,0.9648568611683743
93,5.0,45.0,25.0,0.9629999999999999,9486.02579999897,0.9588698270625088,0.9629999999999999,0.9629536812339634
94,5.0,45.0,30.0,0.960309523809524,9462.394999999742,0.9558785104638579,0.960309523809524,0.960252149446273
95,5.0,45.0,35.0,0.9585952380952382,9459.783000000607,0.9539726951768049,0.9585952380952382,0.9585356841338234
96,5.0,45.0,40.0,0.9572857142857144,9463.609200000064,0.9525165672110083,0.9572857142857144,0.9572290024511588
97,5.0,45.0,45.0,0.9555714285714286,9493.764799999917,0.9506104508663089,0.9555714285714286,0.9555120316508937
98,5.0,45.0,50.0,0.9541190476190475,9507.710200000656,0.9489955780796876,0.9541190476190475,0.9540626040676343
99,5.0,50.0,1.0,0.9716666666666667,10333.243399999992,0.9685057993894045,0.9716666666666667,0.9716461323889538
100,5.0,50.0,5.0,0.9728333333333333,9934.832600000664,0.969801957015898,0.9728333333333333,0.9727984228649864
101,5.0,50.0,10.0,0.9699047619047618,9945.992999999726,0.966546060747721,0.9699047619047618,0.9698592478348755
102,5.0,50.0,15.0,0.9671428571428573,9964.31779999948,0.9634757958889004,0.9671428571428573,0.9671017209723664
103,5.0,50.0,20.0,0.9648809523809524,10053.114600000117,0.9609609116889957,0.9648809523809524,0.9648281298655915
104,5.0,50.0,25.0,0.9627857142857144,10080.978799999139,0.958631344654842,0.9627857142857144,0.9627386893204066
105,5.0,50.0,30.0,0.9600476190476191,10121.543800001018,0.9555868973575355,0.9600476190476191,0.9599977796450101
106,5.0,50.0,35.0,0.9587857142857145,10126.536200000191,0.9541839341556756,0.9587857142857145,0.9587361778020593
107,5.0,50.0,40.0,0.9570238095238095,10172.69800000031,0.9522250393986864,0.9570238095238095,0.9569722012925647
108,5.0,50.0,45.0,0.9553333333333335,10205.588600000192,0.9503455424799512,0.9553333333333335,0.9552813837079552
109,5.0,50.0,50.0,0.9535714285714286,10258.48919999953,0.9483862850683697,0.9535714285714286,0.9535131326105291
110,5.0,55.0,1.0,0.9712857142857143,11699.001399999906,0.9680821662918421,0.9712857142857143,0.9712621467570308
111,5.0,55.0,5.0,0.9724999999999999,11371.550800000477,0.9694313849419054,0.9724999999999999,0.9724618164885459
112,5.0,55.0,10.0,0.9692619047619047,11274.760600000081,0.965831339224923,0.9692619047619047,0.9692121041877131
113,5.0,55.0,15.0,0.9670238095238096,11079.701999999452,0.9633432554059114,0.9670238095238096,0.9669848388508477
114,5.0,55.0,20.0,0.9642380952380952,11225.223400000687,0.9602461971952667,0.9642380952380952,0.9641884981670877
115,5.0,55.0,25.0,0.9620238095238097,11339.349800000491,0.9577841133696483,0.9620238095238097,0.9619771892074402
116,5.0,55.0,30.0,0.9593809523809524,11339.746200000081,0.9548458867322365,0.9593809523809524,0.9593265405898856
117,5.0,55.0,35.0,0.9576666666666667,11328.13339999957,0.952939716547486,0.9576666666666667,0.9576140138142296
118,5.0,55.0,40.0,0.955857142857143,11306.10639999868,0.9509279250622413,0.955857142857143,0.9557966912111031
119,5.0,55.0,45.0,0.9546190476190477,11397.631199997704,0.9495511531912444,0.9546190476190477,0.9545621552713227
120,5.0,55.0,50.0,0.9530476190476189,11399.555400000463,0.947803563969164,0.9530476190476189,0.9529953052661118
121,5.0,60.0,1.0,0.9713095238095238,11870.275400000537,0.9681088241186195,0.9713095238095238,0.9712884759933565
122,5.0,60.0,5.0,0.9716428571428573,11547.560200000225,0.9684782783446956,0.9716428571428573,0.9716031232405216
123,5.0,60.0,10.0,0.9688571428571429,11532.965000000331,0.9653812685694371,0.9688571428571429,0.9688062645737741
124,5.0,60.0,15.0,0.9663571428571428,11551.413599999069,0.9626017993006452,0.9663571428571428,0.9663126769963724
125,5.0,60.0,20.0,0.9640238095238095,11619.733400000405,0.9600076937913273,0.9640238095238095,0.9639710616796453
126,5.0,60.0,25.0,0.9616428571428571,11656.83299999946,0.9573605320611932,0.9616428571428571,0.9615917751015128
127,5.0,60.0,30.0,0.9595714285714285,11664.982800000871,0.9550572181809562,0.9595714285714285,0.9595216438996885
128,5.0,60.0,35.0,0.9573095238095238,11880.232199999591,0.9525423324402282,0.9573095238095238,0.9572558359963093
129,5.0,60.0,40.0,0.9554047619047619,11952.292399998623,0.9504246344990372,0.9554047619047619,0.9553432554352093
130,5.0,60.0,45.0,0.9543809523809523,11974.358799999754,0.9492860731935014,0.9543809523809523,0.9543220100921672
131,5.0,60.0,50.0,0.9526666666666668,11971.69059999942,0.9473797603675441,0.9526666666666668,0.9526154851786656
132,5.0,65.0,1.0,0.9706428571428571,13498.70159999955,0.9673677457007261,0.9706428571428571,0.9706163259972739
133,5.0,65.0,5.0,0.9713095238095238,13043.789800001468,0.9681076034450005,0.9713095238095238,0.9712643005930228
134,5.0,65.0,10.0,0.9688095238095238,13129.852400000527,0.9653281528090567,0.9688095238095238,0.9687606357295799
135,5.0,65.0,15.0,0.9658809523809525,13442.544600000838,0.962072146927788,0.9658809523809525,0.9658324930538893
136,5.0,65.0,20.0,0.9639047619047618,14111.975999999777,0.9598751307966534,0.9639047619047618,0.9638524654439358
137,5.0,65.0,25.0,0.9614285714285714,13790.768800000296,0.9571220478624094,0.9614285714285714,0.9613828744457631
138,5.0,65.0,30.0,0.9587142857142859,13998.28439999983,0.954103943295783,0.9587142857142859,0.958664156738472
139,5.0,65.0,35.0,0.9562857142857142,14113.80820000013,0.9514036389410478,0.9562857142857142,0.9562389228819688
140,5.0,65.0,40.0,0.9553333333333333,14401.37000000068,0.9503448225192311,0.9553333333333333,0.9552750607734609
141,5.0,65.0,45.0,0.9533333333333334,14160.450400000263,0.9481208428365351,0.9533333333333334,0.9532842388714788
142,5.0,65.0,50.0,0.9519523809523809,13837.116999999489,0.9465850189791466,0.9519523809523809,0.9519030316655945
143,5.0,70.0,1.0,0.9705476190476192,14207.870200000616,0.9672618995977045,0.9705476190476192,0.9705178853937948
144,5.0,70.0,5.0,0.9707857142857144,13656.217399999514,0.9675253121511502,0.9707857142857144,0.9707364459428138
145,5.0,70.0,10.0,0.9683571428571428,13595.016399999076,0.9648251967615724,0.9683571428571428,0.9683022876162175
146,5.0,70.0,15.0,0.9651428571428571,13822.056800000064,0.9612516882360044,0.9651428571428571,0.965091137857837
147,5.0,70.0,20.0,0.9631666666666666,14019.13659999882,0.9590543546622093,0.9631666666666666,0.9631106747002411
148,5.0,70.0,25.0,0.9609761904761903,13904.001599999538,0.9566188476447112,0.9609761904761903,0.9609259840384539
149,5.0,70.0,30.0,0.9581666666666667,14156.174600000304,0.9534949399514858,0.9581666666666667,0.9581104638603856
150,5.0,70.0,35.0,0.9556666666666667,14119.936600000801,0.9507154024450593,0.9556666666666667,0.9556151443074773
151,5.0,70.0,40.0,0.9543333333333333,14288.709000000017,0.9492327325933111,0.9543333333333333,0.9542806237050818
152,5.0,70.0,45.0,0.9527142857142857,14399.0937999999,0.9474323893193967,0.9527142857142857,0.9526671370987586
153,5.0,70.0,50.0,0.9512380952380951,14555.497000000105,0.9457906384667953,0.9512380952380951,0.9511845008211963
154,5.0,75.0,1.0,0.9705,15419.92380000047,0.9672088305589881,0.9705,0.9704709035613923
155,5.0,75.0,5.0,0.9709761904761904,15145.546000000104,0.967736887831335,0.9709761904761904,0.9709293045485431
156,5.0,75.0,10.0,0.9682142857142857,15093.391000000702,0.9646663032630652,0.9682142857142857,0.9681643875813762
157,5.0,75.0,15.0,0.9653571428571428,15234.895400000096,0.9614895715815728,0.9653571428571428,0.9653079214837093
158,5.0,75.0,20.0,0.9627380952380952,15266.986599998927,0.9585774991974425,0.9627380952380952,0.9626838186727289
159,5.0,75.0,25.0,0.9605,15458.604800000467,0.956089292312862,0.9605,0.9604425452946959
160,5.0,75.0,30.0,0.958047619047619,15794.191000000865,0.9533623342266097,0.958047619047619,0.9579975389491013
161,5.0,75.0,35.0,0.9553571428571429,15430.961200000093,0.950370860639841,0.9553571428571429,0.9552907122537808
162,5.0,75.0,40.0,0.9538095238095238,16110.582399999112,0.9486501497001407,0.9538095238095238,0.9537463627928604
163,5.0,75.0,45.0,0.9521904761904763,15959.458200001245,0.9468497444280176,0.9521904761904763,0.9521403960409073
164,5.0,75.0,50.0,0.950452380952381,15864.337200000227,0.9449167316033679,0.950452380952381,0.950397941064687
165,5.0,80.0,1.0,0.9700476190476192,15957.137799999691,0.9667058876625454,0.9700476190476192,0.9700199760824665
166,5.0,80.0,5.0,0.9705238095238096,16166.786999998658,0.9672339186686377,0.9705238095238096,0.9704762744880023
167,5.0,80.0,10.0,0.9678809523809523,16055.870599999253,0.9642956431606893,0.9678809523809523,0.9678298696523366
168,5.0,80.0,15.0,0.9647857142857144,15748.906000000352,0.9608541393485224,0.9647857142857144,0.9647335158537551
169,5.0,80.0,20.0,0.9622619047619049,15867.864399999962,0.9580480164374607,0.9622619047619049,0.9622083738117079
170,5.0,80.0,25.0,0.9604761904761905,15772.292000001107,0.9560626669487648,0.9604761904761905,0.9604235157828047
171,5.0,80.0,30.0,0.9576666666666668,16079.469999999128,0.9529386689408834,0.9576666666666668,0.9576168190034371
172,5.0,80.0,35.0,0.9554523809523809,15960.610200000883,0.9504767660619151,0.9554523809523809,0.9553881576786818
173,5.0,80.0,40.0,0.9534523809523809,15923.891000000003,0.9482529034902806,0.9534523809523809,0.9533897898624195
174,5.0,80.0,45.0,0.9517857142857142,15958.577799998966,0.9463994508523556,0.9517857142857142,0.9517316098687431
175,5.0,80.0,50.0,0.9502857142857142,15997.219799999948,0.9447311624694208,0.9502857142857142,0.9502286234690734
176,5.0,85.0,1.0,0.9699761904761903,17583.616399998573,0.9666264654606012,0.9699761904761903,0.9699460501075123
177,5.0,85.0,5.0,0.9700714285714286,17484.58980000105,0.9667309788681617,0.9700714285714286,0.9700212508856605
178,5.0,85.0,10.0,0.9676190476190476,17295.43339999982,0.9640041755028864,0.9676190476190476,0.9675685405970432
179,5.0,85.0,15.0,0.9642619047619048,17165.900200000033,0.9602717019406375,0.9642619047619048,0.9642071382440299
180,5.0,85.0,20.0,0.9620714285714286,16969.114799999443,0.9578361312116772,0.9620714285714286,0.9620152428240958
181,5.0,85.0,25.0,0.9597857142857145,17105.942800000776,0.9552948172470203,0.9597857142857145,0.9597263670047471
182,5.0,85.0,30.0,0.9572857142857144,17154.5694000004,0.9525150566527179,0.9572857142857144,0.9572271041023793
183,5.0,85.0,35.0,0.954595238095238,17222.039399999994,0.9495233287802218,0.954595238095238,0.9545334532297909
184,5.0,85.0,40.0,0.953095238095238,17554.768199998944,0.9478553726410237,0.953095238095238,0.9530290580768266
185,5.0,85.0,45.0,0.9509761904761905,17270.656599999347,0.9454990429195732,0.9509761904761905,0.9509123866594604
186,5.0,85.0,50.0,0.9493571428571428,17199.14859999917,0.9436985273387425,0.9493571428571428,0.9492970681297134
187,5.0,90.0,1.0,0.9699761904761905,18332.325799998944,0.9666263162840402,0.9699761904761905,0.9699466183906645
188,5.0,90.0,5.0,0.9700238095238095,18027.93139999958,0.9666780575253864,0.9700238095238095,0.9699725959100878
189,5.0,90.0,10.0,0.967404761904762,18007.41799999996,0.9637659408466834,0.967404761904762,0.9673526027904901
190,5.0,90.0,15.0,0.9642857142857142,18053.192599999966,0.9602981483450403,0.9642857142857142,0.964230826035509
191,5.0,90.0,20.0,0.9619523809523809,18029.380399999354,0.9577035800957937,0.9619523809523809,0.9619007519075031
192,5.0,90.0,25.0,0.9593333333333334,18094.303599999694,0.9547917023260842,0.9593333333333334,0.9592792919562368
193,5.0,90.0,30.0,0.9567380952380953,17996.366800000033,0.9519059028744863,0.9567380952380953,0.9566810018055518
194,5.0,90.0,35.0,0.9545,17965.93800000046,0.9494174370294658,0.9545,0.954435665647303
195,5.0,90.0,40.0,0.9526666666666666,17847.3869999998,0.9473787656777816,0.9526666666666666,0.9525987034504446
196,5.0,90.0,45.0,0.9504761904761905,17851.674199999252,0.9449428798803193,0.9504761904761905,0.9504061880608285
197,5.0,90.0,50.0,0.9488809523809524,17877.547400000913,0.9431685182840802,0.9488809523809524,0.9488205795320545
198,5.0,95.0,1.0,0.9699047619047618,19476.870600000984,0.9665468727504702,0.9699047619047618,0.9698780535305758
199,5.0,95.0,5.0,0.9695,19384.71519999912,0.9660955974369582,0.9695,0.9694455233847744
200,5.0,95.0,10.0,0.9673095238095237,19411.216000001514,0.9636600766487412,0.9673095238095237,0.9672514683940087
201,5.0,95.0,15.0,0.9640238095238095,19666.68340000033,0.9600070068239586,0.9640238095238095,0.963965852657515
202,5.0,95.0,20.0,0.9616666666666667,19902.293799999825,0.9573858353561036,0.9616666666666667,0.9616072025087465
203,5.0,95.0,25.0,0.9591428571428573,19626.261400000294,0.954579855104052,0.9591428571428573,0.9590845623657123
204,5.0,95.0,30.0,0.9561904761904761,19378.453799999625,0.9512969021306541,0.9561904761904761,0.9561230907977057
205,5.0,95.0,35.0,0.9540714285714286,19332.96300000038,0.9489407594190119,0.9540714285714286,0.9540128487838002
206,5.0,95.0,40.0,0.9519285714285715,19340.094199999294,0.9465578383803344,0.9519285714285715,0.9518693401933648
207,5.0,95.0,45.0,0.9501904761904761,19381.61020000007,0.9446248470624056,0.9501904761904761,0.950132559132536
208,5.0,95.0,50.0,0.9487619047619047,19584.800600000017,0.9430360335214208,0.9487619047619047,0.9487119003425676
209,5.0,100.0,1.0,0.9693571428571429,20030.41340000018,0.965938138001364,0.9693571428571429,0.9693297111977817
210,5.0,100.0,5.0,0.9694761904761904,19696.6499999995,0.9660691059649217,0.9694761904761904,0.969421837457125
211,5.0,100.0,10.0,0.9669285714285714,19855.26020000034,0.9632364441043826,0.9669285714285714,0.9668673205733433
212,5.0,100.0,15.0,0.9636904761904761,19851.04439999959,0.9596362188583694,0.9636904761904761,0.9636288433185423
213,5.0,100.0,20.0,0.9610238095238095,20119.02579999951,0.9566711534987778,0.9610238095238095,0.9609593890188413
214,5.0,100.0,25.0,0.958952380952381,19788.56820000001,0.9543678621106922,0.958952380952381,0.9588948609412874
215,5.0,100.0,30.0,0.9562142857142858,20012.242000000333,0.9513232538250417,0.9562142857142858,0.9561464006509993
216,5.0,100.0,35.0,0.9538571428571428,20012.947800000256,0.9487024019992741,0.9538571428571428,0.953794125273481
217,5.0,100.0,40.0,0.9516904761904762,20045.733800000016,0.9462931144730817,0.9516904761904762,0.9516187819620164
218,5.0,100.0,45.0,0.9499285714285716,19684.277799999472,0.9443335998562571,0.9499285714285716,0.9498575971067551
219,5.0,100.0,50.0,0.9479761904761904,19863.789400001042,0.9421623665774186,0.9479761904761904,0.947912144456609
